{
    "loss": [
        2.8437124311352084,
        1.767414824590843,
        1.5417460197410682,
        1.4461139430497476,
        1.3810912463501586,
        1.3308511423243412,
        1.2887538057919934,
        1.2546608403511255,
        1.2255080007260948,
        1.1985697584253598,
        1.1764657489259585,
        1.1538989294420374,
        1.1337424985055904,
        1.116631184209658,
        1.1023308574729573,
        1.0847670502763707,
        1.0725138204277298,
        1.0587112321537326,
        1.0471602826168829,
        1.0332949370579863,
        1.0237513088271544,
        1.0178735726424575,
        1.0031604604081863,
        0.9969825221159662,
        0.9847881694408466,
        0.979301877645361,
        0.9709734268593987,
        0.9646497185435808,
        0.9538076126428177,
        0.9464841457251609,
        0.9419594740261982,
        0.9383753186930466,
        0.929688434962235,
        0.9233357441008128,
        0.9176087392827217,
        0.9124171673580916,
        0.9060364770676982,
        0.900536821891928,
        0.897823082122808,
        0.8941678422335192
    ],
    "accuracy": [
        0.24754953384399414,
        0.4637649357318878,
        0.5214890837669373,
        0.5481681823730469,
        0.5649504661560059,
        0.5798517465591431,
        0.5916683673858643,
        0.6023072600364685,
        0.6109917759895325,
        0.6199696063995361,
        0.6271830201148987,
        0.6329036355018616,
        0.6387364268302917,
        0.645052433013916,
        0.6491207480430603,
        0.6539656519889832,
        0.6574256420135498,
        0.6630556583404541,
        0.6657649874687195,
        0.6704717874526978,
        0.6725598573684692,
        0.6741518378257751,
        0.6789363026618958,
        0.6811020374298096,
        0.6854680180549622,
        0.6861668825149536,
        0.6886648535728455,
        0.6916934251785278,
        0.6940403580665588,
        0.6970171332359314,
        0.6977419257164001,
        0.699722170829773,
        0.7012494206428528,
        0.7037343978881836,
        0.7044764161109924,
        0.7068837285041809,
        0.7083333134651184,
        0.7108743786811829,
        0.7109348177909851,
        0.7126259803771973
    ]
}