{
    "loss": [
        1.914830084064797,
        1.3660089044428942,
        1.2609644384996572,
        1.194659333289817,
        1.151160910194242,
        1.1167465416875593,
        1.0882923511679128,
        1.0645893417671957,
        1.046438196781454,
        1.0282729951399754,
        1.0126073673173552,
        0.9992953752529438,
        0.9871039348484825,
        0.9749189536754925,
        0.9608236847448675,
        0.9546419406923475,
        0.9482410713047635,
        0.9383804985539869,
        0.9302145606996141,
        0.9291163670627184,
        0.9183714502667596,
        0.9128819188764656,
        0.9053957809167267,
        0.8984473749170218,
        0.8946406133049507
    ],
    "accuracy": [
        0.4612747132778168,
        0.5725358724594116,
        0.6034190654754639,
        0.6229808330535889,
        0.6361965537071228,
        0.6467113494873047,
        0.6552852988243103,
        0.6621569991111755,
        0.6674497127532959,
        0.6731629967689514,
        0.6778088212013245,
        0.6817491054534912,
        0.6849029064178467,
        0.6884934306144714,
        0.6921465992927551,
        0.6943926811218262,
        0.696394145488739,
        0.6990931034088135,
        0.7018749117851257,
        0.702501654624939,
        0.705584704875946,
        0.7069594264030457,
        0.708720326423645,
        0.7112211585044861,
        0.712719202041626
    ]
}