{
    "loss": [
        1.4810838146640952,
        1.2000247257323786,
        1.1349456660699544,
        1.0964310678069296,
        1.0662369179621065,
        1.042173972670099,
        1.0227506263879442,
        1.0061142553282334,
        0.9906122513578767,
        0.9774652934192335,
        0.9665163805008757,
        0.9554989706092435,
        0.945794614407412,
        0.9364177599225922,
        0.9286806484007543
    ],
    "accuracy": [
        0.5412585139274597,
        0.6212437748908997,
        0.6411371231079102,
        0.6527940630912781,
        0.6622454524040222,
        0.6698986291885376,
        0.6757311820983887,
        0.6807018518447876,
        0.6854258179664612,
        0.6895868182182312,
        0.6932461857795715,
        0.6965733170509338,
        0.6994356513023376,
        0.7024344205856323,
        0.7049398422241211
    ]
}