{
    "loss": [
        1.7485593905054546,
        1.232539892932018,
        1.1555106971925593,
        1.1116407526276904,
        1.0808908686779255,
        1.0566199864585142,
        1.0419783018683748,
        1.0291121112496444,
        1.0121226673010995,
        0.9953259065454297,
        0.9841143867321538,
        0.9739004774349398,
        0.9651796275213597,
        0.9560457347075108,
        0.9480758148386335,
        0.9420823400357955,
        0.9345112734435304,
        0.9485676076639102,
        0.939601549915876,
        0.9307886066455506
    ],
    "accuracy": [
        0.4846493899822235,
        0.6078300476074219,
        0.6311549544334412,
        0.6444598436355591,
        0.6540873050689697,
        0.6615901589393616,
        0.6664486527442932,
        0.6714232563972473,
        0.676124095916748,
        0.6814731359481812,
        0.684691846370697,
        0.6880208253860474,
        0.690861165523529,
        0.6937748193740845,
        0.6960694193840027,
        0.6979149580001831,
        0.7007066011428833,
        0.6972887516021729,
        0.7001186609268188,
        0.7024385929107666
    ]
}