{
    "loss": [
        2.2027834272638755,
        1.4709336349423943,
        1.3236833429792374,
        1.2539887479203635,
        1.2055175764498494,
        1.170422483856396,
        1.1405980348886129,
        1.1162082077475415,
        1.0948683269362565,
        1.0783531257399097,
        1.0608448799103642,
        1.0481862285098433,
        1.0344981938673865,
        1.0239652900923668,
        1.0123700644369644,
        1.0036355976908586,
        0.995490107373693,
        0.9860053734147739,
        0.9790697431955239,
        0.9722387210354396,
        0.9646777928557752,
        0.9575336323698767,
        0.952657629668923,
        0.945080463151119,
        0.9400030484889849,
        0.9330590541429699,
        0.9298332058929305,
        0.9244280153269565,
        0.919524573430733,
        0.9143426884545839
    ],
    "accuracy": [
        0.37121686339378357,
        0.5442774891853333,
        0.5876496434211731,
        0.6078925728797913,
        0.6219408512115479,
        0.6323307156562805,
        0.640771746635437,
        0.6479368805885315,
        0.6540265083312988,
        0.6591864228248596,
        0.6644980311393738,
        0.6681720614433289,
        0.672454833984375,
        0.6753780245780945,
        0.6786727905273438,
        0.6810027956962585,
        0.6843714714050293,
        0.686382532119751,
        0.6883760690689087,
        0.6902374029159546,
        0.6926588416099548,
        0.6952008605003357,
        0.6967334747314453,
        0.6986531019210815,
        0.7011037468910217,
        0.7025682926177979,
        0.7038383483886719,
        0.704777717590332,
        0.7065885066986084,
        0.7082961201667786
    ]
}