{
    "loss": [
        2.685673989264583,
        1.7188711989661887,
        1.4924569414973246,
        1.401771911228768,
        1.3454527150858102,
        1.3063072291509499,
        1.274768285599294,
        1.2517376461174199,
        1.2289602055723214,
        1.210415361542043,
        1.1933982292099583,
        1.1796947502508595,
        1.1652406830839075,
        1.1551744893119613,
        1.1439671116885866,
        1.1327622177552517,
        1.1249285683723138,
        1.114917850068356,
        1.1075156324314015,
        1.0997151801820362,
        1.0938059545828738,
        1.0879304353425938,
        1.0767206167510899,
        1.0743636452631695,
        1.065599986282323
    ],
    "accuracy": [
        0.29798388481140137,
        0.5022055506706238,
        0.5474862456321716,
        0.5695353746414185,
        0.5842868089675903,
        0.5945073962211609,
        0.6027480363845825,
        0.6107384562492371,
        0.6153762340545654,
        0.6210232377052307,
        0.6263281106948853,
        0.6290820837020874,
        0.634014904499054,
        0.6365615129470825,
        0.6402884125709534,
        0.6437458992004395,
        0.6458755135536194,
        0.6489951610565186,
        0.6505752801895142,
        0.6537846922874451,
        0.6546164751052856,
        0.6566563248634338,
        0.6599854826927185,
        0.661076009273529,
        0.663205623626709
    ]
}